{"cameraMode":{"drawMode":0,"name":"Shaded","section":"Shading Mode"},"sceneLighting":true,"audioPlay":false,"sceneViewState":{"showFog":true,"showMaterialUpdate":false,"showSkybox":false,"showFlares":true,"showImageEffects":true,"showParticleSystems":true},"in2DMode":false,"pivot":{"x":-0.13999998569488526,"y":1.0,"z":3.7200000286102297},"rotation":{"x":0.5414345860481262,"y":0.043341077864170077,"z":-0.027963653206825258,"w":0.8391615152359009},"size":0.8660255670547485,"orthographic":false}